BEGIN TRANSACTION;
CREATE TABLE "Allieve" ("id" integer NOT NULL PRIMARY KEY AUTOINCREMENT, "nome" varchar(100) NOT NULL, "cognome" varchar(100) NOT NULL, "data_nascita" date NULL, "telefono" varchar(20) NULL, "email" varchar(254) NULL, "data_iscrizione" date NULL, "certificato_medico" date NULL, "id_corso" bigint NULL REFERENCES "Corsi" ("id") DEFERRABLE INITIALLY DEFERRED);
INSERT INTO "Allieve" VALUES(1,'Giulia','Rossi','2015-05-12','3401234567','giulia@famiglia.it','2026-03-28','2026-05-27',1);
INSERT INTO "Allieve" VALUES(2,'Sofia','Bianchi','2010-08-20','3407654321','sofia@famiglia.it','2026-03-28','2026-07-30',2);
INSERT INTO "Allieve" VALUES(3,'Martina','Verdi','2012-03-15','3409876543','martina@famiglia.it','2026-03-28','2026-05-27',3);
INSERT INTO "Allieve" VALUES(4,'Elena','Neri','2008-11-30','3401112223','elena@famiglia.it','2026-03-28','2026-04-30',4);
INSERT INTO "Allieve" VALUES(5,'Chiara','Gialli','2014-01-10','3403334445','chiara@famiglia.it','2026-03-28','2026-05-27',5);
CREATE TABLE "Assegnazione_Costumi" ("id" integer NOT NULL PRIMARY KEY AUTOINCREMENT, "pagato" bool NOT NULL, "consegnato" bool NOT NULL, "id_allieva" bigint NOT NULL REFERENCES "Allieve" ("id") DEFERRABLE INITIALLY DEFERRED, "id_coreografia" bigint NOT NULL REFERENCES "Coreografie" ("id") DEFERRABLE INITIALLY DEFERRED, "id_costume" bigint NOT NULL REFERENCES "Costumi" ("id") DEFERRABLE INITIALLY DEFERRED);
INSERT INTO "Assegnazione_Costumi" VALUES(1,1,1,1,1,1);
INSERT INTO "Assegnazione_Costumi" VALUES(2,1,0,2,1,1);
INSERT INTO "Assegnazione_Costumi" VALUES(3,0,0,3,2,2);
CREATE TABLE "Competizione" ("id_concorso" integer NOT NULL PRIMARY KEY AUTOINCREMENT, "classifica" integer NULL, "numero_giudici" integer NOT NULL);
CREATE TABLE "Coreografie" ("id" integer NOT NULL PRIMARY KEY AUTOINCREMENT, "nome" varchar(200) NOT NULL, "atto" integer NOT NULL, "ordine_uscita" integer NULL, "musica" varchar(200) NULL, "durata" integer NULL, "id_corso" bigint NULL REFERENCES "Corsi" ("id") DEFERRABLE INITIALLY DEFERRED, "id_maestra" bigint NULL REFERENCES "Maestre" ("id") DEFERRABLE INITIALLY DEFERRED, "id_saggio" bigint NOT NULL REFERENCES "Saggi" ("id") DEFERRABLE INITIALLY DEFERRED);
INSERT INTO "Coreografie" VALUES(1,'napoli',3,4,'napoletane',40,5,1,1);
INSERT INTO "Coreografie" VALUES(2,'bridgerton',2,2,'violino',30,3,3,1);
INSERT INTO "Coreografie" VALUES(3,'Contemporary Flow',1,1,'mirko',5,4,2,1);
INSERT INTO "Coreografie" VALUES(4,'la bella addormentata',1,3,'la bella addormentata ',4,2,1,1);
CREATE TABLE "Corsi" ("id" integer NOT NULL PRIMARY KEY AUTOINCREMENT, "nome" varchar(150) NOT NULL, "livello" varchar(50) NULL, "fascia_eta" varchar(100) NULL, "id_maestra" bigint NULL REFERENCES "Maestre" ("id") DEFERRABLE INITIALLY DEFERRED);
INSERT INTO "Corsi" VALUES(1,'Propedeutica','Base','4-6 anni',1);
INSERT INTO "Corsi" VALUES(2,'Classico Avanzato','Avanzato','14-18 anni',1);
INSERT INTO "Corsi" VALUES(3,'Modern Jazz','Intermedio','10-13 anni',2);
INSERT INTO "Corsi" VALUES(4,'Contemporaneo Open','Tutti','Adulti',3);
INSERT INTO "Corsi" VALUES(5,'Urban Dance','Intermedio','12-16 anni',4);
CREATE TABLE "Costumi" ("id" integer NOT NULL PRIMARY KEY AUTOINCREMENT, "nome" varchar(200) NOT NULL, "descrizione" text NULL, "taglia" varchar(10) NULL, "prezzo" decimal NULL, "fornitore" varchar(150) NULL, "stato_ordine" varchar(50) NOT NULL);
INSERT INTO "Costumi" VALUES(1,'Tutù Bianco Classico','Tutù con corpetto decorato','S',45,'DanzaShop','Consegnato');
INSERT INTO "Costumi" VALUES(2,'Leggings Viola e Top','Completo moderno glitterato','M',35,'BalletWorld','In magazzino');
INSERT INTO "Costumi" VALUES(3,'Vestito Contemporaneo','Sottoveste in seta azzurra','M',40,'CustomDesign','Ordinato');
CREATE TABLE "Iscrizione_Competizione" ("id" integer NOT NULL PRIMARY KEY AUTOINCREMENT, "id_allieva" bigint NOT NULL REFERENCES "Allieve" ("id") DEFERRABLE INITIALLY DEFERRED, "id_concorso" integer NOT NULL REFERENCES "Competizione" ("id_concorso") DEFERRABLE INITIALLY DEFERRED);
CREATE TABLE "Lezioni" ("id" integer NOT NULL PRIMARY KEY AUTOINCREMENT, "giorno_settimana" varchar(20) NOT NULL, "ora_inizio" time NOT NULL, "ora_fine" time NOT NULL, "sala" varchar(50) NULL, "id_corso" bigint NOT NULL REFERENCES "Corsi" ("id") DEFERRABLE INITIALLY DEFERRED, "id_maestra" bigint NULL REFERENCES "Maestre" ("id") DEFERRABLE INITIALLY DEFERRED);
INSERT INTO "Lezioni" VALUES(1,'Lunedì','16:00','17:00','Sala A',1,1);
INSERT INTO "Lezioni" VALUES(2,'Lunedì','17:00','19:00','Sala A',2,1);
INSERT INTO "Lezioni" VALUES(3,'Martedì','16:30','18:00','Sala B',3,2);
INSERT INTO "Lezioni" VALUES(4,'Mercoledì','18:00','19:30','Sala A',4,3);
INSERT INTO "Lezioni" VALUES(5,'Giovedì','16:00','17:00','Sala A',1,1);
INSERT INTO "Lezioni" VALUES(6,'Venerdì','17:00','18:30','Sala C',5,4);
CREATE TABLE "Maestre" ("id" integer NOT NULL PRIMARY KEY AUTOINCREMENT, "nome" varchar(100) NOT NULL, "cognome" varchar(100) NOT NULL, "telefono" varchar(20) NULL, "email" varchar(254) NULL, "specializzazione" varchar(100) NULL, "compenso_mensile" decimal NULL);
INSERT INTO "Maestre" VALUES(1,'Alessandra','Celentano','3331234567','alessandra@danza.it','Classico',1500);
INSERT INTO "Maestre" VALUES(2,'Kledi','Kadiu','3337654321','kledi@danza.it','Moderno',1300);
INSERT INTO "Maestre" VALUES(3,'Veronica','Peparini','3339876543','veronica@danza.it','Contemporaneo',1400);
INSERT INTO "Maestre" VALUES(4,'Garrison','Rochelle','3331112223','garrison@danza.it','Hip Hop',1200);
CREATE TABLE "Pagamenti_Allieve" ("id" integer NOT NULL PRIMARY KEY AUTOINCREMENT, "importo" decimal NOT NULL, "data_scadenza" date NOT NULL, "data_pagamento" date NULL, "stato" varchar(50) NOT NULL, "descrizione" varchar(200) NULL, "id_allieva" bigint NOT NULL REFERENCES "Allieve" ("id") DEFERRABLE INITIALLY DEFERRED);
INSERT INTO "Pagamenti_Allieve" VALUES(1,50,'2026-04-27','2026-04-27','Pagato','Mensilità Aprile',1);
INSERT INTO "Pagamenti_Allieve" VALUES(2,60,'2026-03-28','2026-04-30','Pagato','Mensilità Marzo',2);
INSERT INTO "Pagamenti_Allieve" VALUES(3,55,'2026-05-27',NULL,'Da pagare','Mensilità Maggio',3);
INSERT INTO "Pagamenti_Allieve" VALUES(4,70,'2026-04-27','2026-04-27','Pagato','Mensilità Aprile',4);
INSERT INTO "Pagamenti_Allieve" VALUES(5,50,'2026-04-27','2026-04-27','Pagato','Iscrizione Annuale',5);
CREATE TABLE "Pagamenti_Maestre" ("id" integer NOT NULL PRIMARY KEY AUTOINCREMENT, "importo" decimal NOT NULL, "data_scadenza" date NOT NULL, "data_pagamento" date NULL, "stato" varchar(50) NOT NULL, "descrizione" varchar(200) NULL, "id_maestra" bigint NOT NULL REFERENCES "Maestre" ("id") DEFERRABLE INITIALLY DEFERRED);
INSERT INTO "Pagamenti_Maestre" VALUES(1,1500,'2026-04-27','2026-04-27','Pagato','Stipendio Aprile',1);
INSERT INTO "Pagamenti_Maestre" VALUES(2,1300,'2026-03-28','2026-03-28','Pagato','Stipendio Marzo',2);
INSERT INTO "Pagamenti_Maestre" VALUES(3,1400,'2026-04-27',NULL,'Da pagare','Stipendio Aprile',3);
CREATE TABLE "Saggi" ("id" integer NOT NULL PRIMARY KEY AUTOINCREMENT, "titolo" varchar(200) NOT NULL, "data" date NULL, "luogo" varchar(200) NULL, "ora_inizio" time NULL, "stato" varchar(50) NOT NULL, "numero_atti" integer NOT NULL, "durata_totale" integer NOT NULL);
INSERT INTO "Saggi" VALUES(1,'Saggio di fine anno 2025/2026','2026-05-11','Teatro Lendi','19:00','In preparazione',3,240);
CREATE TABLE "auth_group" ("id" integer NOT NULL PRIMARY KEY AUTOINCREMENT, "name" varchar(150) NOT NULL UNIQUE);
CREATE TABLE "auth_group_permissions" ("id" integer NOT NULL PRIMARY KEY AUTOINCREMENT, "group_id" integer NOT NULL REFERENCES "auth_group" ("id") DEFERRABLE INITIALLY DEFERRED, "permission_id" integer NOT NULL REFERENCES "auth_permission" ("id") DEFERRABLE INITIALLY DEFERRED);
CREATE TABLE "auth_permission" ("id" integer NOT NULL PRIMARY KEY AUTOINCREMENT, "content_type_id" integer NOT NULL REFERENCES "django_content_type" ("id") DEFERRABLE INITIALLY DEFERRED, "codename" varchar(100) NOT NULL, "name" varchar(255) NOT NULL);
INSERT INTO "auth_permission" VALUES(1,1,'add_logentry','Can add log entry');
INSERT INTO "auth_permission" VALUES(2,1,'change_logentry','Can change log entry');
INSERT INTO "auth_permission" VALUES(3,1,'delete_logentry','Can delete log entry');
INSERT INTO "auth_permission" VALUES(4,1,'view_logentry','Can view log entry');
INSERT INTO "auth_permission" VALUES(5,2,'add_permission','Can add permission');
INSERT INTO "auth_permission" VALUES(6,2,'change_permission','Can change permission');
INSERT INTO "auth_permission" VALUES(7,2,'delete_permission','Can delete permission');
INSERT INTO "auth_permission" VALUES(8,2,'view_permission','Can view permission');
INSERT INTO "auth_permission" VALUES(9,3,'add_group','Can add group');
INSERT INTO "auth_permission" VALUES(10,3,'change_group','Can change group');
INSERT INTO "auth_permission" VALUES(11,3,'delete_group','Can delete group');
INSERT INTO "auth_permission" VALUES(12,3,'view_group','Can view group');
INSERT INTO "auth_permission" VALUES(13,4,'add_user','Can add user');
INSERT INTO "auth_permission" VALUES(14,4,'change_user','Can change user');
INSERT INTO "auth_permission" VALUES(15,4,'delete_user','Can delete user');
INSERT INTO "auth_permission" VALUES(16,4,'view_user','Can view user');
INSERT INTO "auth_permission" VALUES(17,5,'add_contenttype','Can add content type');
INSERT INTO "auth_permission" VALUES(18,5,'change_contenttype','Can change content type');
INSERT INTO "auth_permission" VALUES(19,5,'delete_contenttype','Can delete content type');
INSERT INTO "auth_permission" VALUES(20,5,'view_contenttype','Can view content type');
INSERT INTO "auth_permission" VALUES(21,6,'add_session','Can add session');
INSERT INTO "auth_permission" VALUES(22,6,'change_session','Can change session');
INSERT INTO "auth_permission" VALUES(23,6,'delete_session','Can delete session');
INSERT INTO "auth_permission" VALUES(24,6,'view_session','Can view session');
INSERT INTO "auth_permission" VALUES(25,7,'add_competizione','Can add competizione');
INSERT INTO "auth_permission" VALUES(26,7,'change_competizione','Can change competizione');
INSERT INTO "auth_permission" VALUES(27,7,'delete_competizione','Can delete competizione');
INSERT INTO "auth_permission" VALUES(28,7,'view_competizione','Can view competizione');
INSERT INTO "auth_permission" VALUES(29,8,'add_corso','Can add corso');
INSERT INTO "auth_permission" VALUES(30,8,'change_corso','Can change corso');
INSERT INTO "auth_permission" VALUES(31,8,'delete_corso','Can delete corso');
INSERT INTO "auth_permission" VALUES(32,8,'view_corso','Can view corso');
INSERT INTO "auth_permission" VALUES(33,9,'add_costume','Can add costume');
INSERT INTO "auth_permission" VALUES(34,9,'change_costume','Can change costume');
INSERT INTO "auth_permission" VALUES(35,9,'delete_costume','Can delete costume');
INSERT INTO "auth_permission" VALUES(36,9,'view_costume','Can view costume');
INSERT INTO "auth_permission" VALUES(37,10,'add_maestra','Can add maestra');
INSERT INTO "auth_permission" VALUES(38,10,'change_maestra','Can change maestra');
INSERT INTO "auth_permission" VALUES(39,10,'delete_maestra','Can delete maestra');
INSERT INTO "auth_permission" VALUES(40,10,'view_maestra','Can view maestra');
INSERT INTO "auth_permission" VALUES(41,11,'add_saggio','Can add saggio');
INSERT INTO "auth_permission" VALUES(42,11,'change_saggio','Can change saggio');
INSERT INTO "auth_permission" VALUES(43,11,'delete_saggio','Can delete saggio');
INSERT INTO "auth_permission" VALUES(44,11,'view_saggio','Can view saggio');
INSERT INTO "auth_permission" VALUES(45,12,'add_coreografia','Can add coreografia');
INSERT INTO "auth_permission" VALUES(46,12,'change_coreografia','Can change coreografia');
INSERT INTO "auth_permission" VALUES(47,12,'delete_coreografia','Can delete coreografia');
INSERT INTO "auth_permission" VALUES(48,12,'view_coreografia','Can view coreografia');
INSERT INTO "auth_permission" VALUES(49,13,'add_allieva','Can add allieva');
INSERT INTO "auth_permission" VALUES(50,13,'change_allieva','Can change allieva');
INSERT INTO "auth_permission" VALUES(51,13,'delete_allieva','Can delete allieva');
INSERT INTO "auth_permission" VALUES(52,13,'view_allieva','Can view allieva');
INSERT INTO "auth_permission" VALUES(53,14,'add_assegnazionecostume','Can add assegnazione costume');
INSERT INTO "auth_permission" VALUES(54,14,'change_assegnazionecostume','Can change assegnazione costume');
INSERT INTO "auth_permission" VALUES(55,14,'delete_assegnazionecostume','Can delete assegnazione costume');
INSERT INTO "auth_permission" VALUES(56,14,'view_assegnazionecostume','Can view assegnazione costume');
INSERT INTO "auth_permission" VALUES(57,15,'add_lezione','Can add lezione');
INSERT INTO "auth_permission" VALUES(58,15,'change_lezione','Can change lezione');
INSERT INTO "auth_permission" VALUES(59,15,'delete_lezione','Can delete lezione');
INSERT INTO "auth_permission" VALUES(60,15,'view_lezione','Can view lezione');
INSERT INTO "auth_permission" VALUES(61,16,'add_pagamentoallieva','Can add pagamento allieva');
INSERT INTO "auth_permission" VALUES(62,16,'change_pagamentoallieva','Can change pagamento allieva');
INSERT INTO "auth_permission" VALUES(63,16,'delete_pagamentoallieva','Can delete pagamento allieva');
INSERT INTO "auth_permission" VALUES(64,16,'view_pagamentoallieva','Can view pagamento allieva');
INSERT INTO "auth_permission" VALUES(65,17,'add_pagamentomaestra','Can add pagamento maestra');
INSERT INTO "auth_permission" VALUES(66,17,'change_pagamentomaestra','Can change pagamento maestra');
INSERT INTO "auth_permission" VALUES(67,17,'delete_pagamentomaestra','Can delete pagamento maestra');
INSERT INTO "auth_permission" VALUES(68,17,'view_pagamentomaestra','Can view pagamento maestra');
INSERT INTO "auth_permission" VALUES(69,18,'add_iscrizionecompetizione','Can add iscrizione competizione');
INSERT INTO "auth_permission" VALUES(70,18,'change_iscrizionecompetizione','Can change iscrizione competizione');
INSERT INTO "auth_permission" VALUES(71,18,'delete_iscrizionecompetizione','Can delete iscrizione competizione');
INSERT INTO "auth_permission" VALUES(72,18,'view_iscrizionecompetizione','Can view iscrizione competizione');
CREATE TABLE "auth_user" ("id" integer NOT NULL PRIMARY KEY AUTOINCREMENT, "password" varchar(128) NOT NULL, "last_login" datetime NULL, "is_superuser" bool NOT NULL, "username" varchar(150) NOT NULL UNIQUE, "last_name" varchar(150) NOT NULL, "email" varchar(254) NOT NULL, "is_staff" bool NOT NULL, "is_active" bool NOT NULL, "date_joined" datetime NOT NULL, "first_name" varchar(150) NOT NULL);
CREATE TABLE "auth_user_groups" ("id" integer NOT NULL PRIMARY KEY AUTOINCREMENT, "user_id" integer NOT NULL REFERENCES "auth_user" ("id") DEFERRABLE INITIALLY DEFERRED, "group_id" integer NOT NULL REFERENCES "auth_group" ("id") DEFERRABLE INITIALLY DEFERRED);
CREATE TABLE "auth_user_user_permissions" ("id" integer NOT NULL PRIMARY KEY AUTOINCREMENT, "user_id" integer NOT NULL REFERENCES "auth_user" ("id") DEFERRABLE INITIALLY DEFERRED, "permission_id" integer NOT NULL REFERENCES "auth_permission" ("id") DEFERRABLE INITIALLY DEFERRED);
CREATE TABLE "django_admin_log" ("id" integer NOT NULL PRIMARY KEY AUTOINCREMENT, "object_id" text NULL, "object_repr" varchar(200) NOT NULL, "action_flag" smallint unsigned NOT NULL CHECK ("action_flag" >= 0), "change_message" text NOT NULL, "content_type_id" integer NULL REFERENCES "django_content_type" ("id") DEFERRABLE INITIALLY DEFERRED, "user_id" integer NOT NULL REFERENCES "auth_user" ("id") DEFERRABLE INITIALLY DEFERRED, "action_time" datetime NOT NULL);
CREATE TABLE "django_content_type" ("id" integer NOT NULL PRIMARY KEY AUTOINCREMENT, "app_label" varchar(100) NOT NULL, "model" varchar(100) NOT NULL);
INSERT INTO "django_content_type" VALUES(1,'admin','logentry');
INSERT INTO "django_content_type" VALUES(2,'auth','permission');
INSERT INTO "django_content_type" VALUES(3,'auth','group');
INSERT INTO "django_content_type" VALUES(4,'auth','user');
INSERT INTO "django_content_type" VALUES(5,'contenttypes','contenttype');
INSERT INTO "django_content_type" VALUES(6,'sessions','session');
INSERT INTO "django_content_type" VALUES(7,'academy','competizione');
INSERT INTO "django_content_type" VALUES(8,'academy','corso');
INSERT INTO "django_content_type" VALUES(9,'academy','costume');
INSERT INTO "django_content_type" VALUES(10,'academy','maestra');
INSERT INTO "django_content_type" VALUES(11,'academy','saggio');
INSERT INTO "django_content_type" VALUES(12,'academy','coreografia');
INSERT INTO "django_content_type" VALUES(13,'academy','allieva');
INSERT INTO "django_content_type" VALUES(14,'academy','assegnazionecostume');
INSERT INTO "django_content_type" VALUES(15,'academy','lezione');
INSERT INTO "django_content_type" VALUES(16,'academy','pagamentoallieva');
INSERT INTO "django_content_type" VALUES(17,'academy','pagamentomaestra');
INSERT INTO "django_content_type" VALUES(18,'academy','iscrizionecompetizione');
CREATE TABLE "django_migrations" ("id" integer NOT NULL PRIMARY KEY AUTOINCREMENT, "app" varchar(255) NOT NULL, "name" varchar(255) NOT NULL, "applied" datetime NOT NULL);
INSERT INTO "django_migrations" VALUES(1,'academy','0001_initial','2026-06-15 21:26:41.450676');
INSERT INTO "django_migrations" VALUES(2,'contenttypes','0001_initial','2026-06-15 21:26:41.459081');
INSERT INTO "django_migrations" VALUES(3,'auth','0001_initial','2026-06-15 21:26:41.481857');
INSERT INTO "django_migrations" VALUES(4,'admin','0001_initial','2026-06-15 21:26:41.498237');
INSERT INTO "django_migrations" VALUES(5,'admin','0002_logentry_remove_auto_add','2026-06-15 21:26:41.512675');
INSERT INTO "django_migrations" VALUES(6,'admin','0003_logentry_add_action_flag_choices','2026-06-15 21:26:41.525020');
INSERT INTO "django_migrations" VALUES(7,'contenttypes','0002_remove_content_type_name','2026-06-15 21:26:41.553514');
INSERT INTO "django_migrations" VALUES(8,'auth','0002_alter_permission_name_max_length','2026-06-15 21:26:41.568381');
INSERT INTO "django_migrations" VALUES(9,'auth','0003_alter_user_email_max_length','2026-06-15 21:26:41.585505');
INSERT INTO "django_migrations" VALUES(10,'auth','0004_alter_user_username_opts','2026-06-15 21:26:41.593537');
INSERT INTO "django_migrations" VALUES(11,'auth','0005_alter_user_last_login_null','2026-06-15 21:26:41.607014');
INSERT INTO "django_migrations" VALUES(12,'auth','0006_require_contenttypes_0002','2026-06-15 21:26:41.616917');
INSERT INTO "django_migrations" VALUES(13,'auth','0007_alter_validators_add_error_messages','2026-06-15 21:26:41.627941');
INSERT INTO "django_migrations" VALUES(14,'auth','0008_alter_user_username_max_length','2026-06-15 21:26:41.643178');
INSERT INTO "django_migrations" VALUES(15,'auth','0009_alter_user_last_name_max_length','2026-06-15 21:26:41.656696');
INSERT INTO "django_migrations" VALUES(16,'auth','0010_alter_group_name_max_length','2026-06-15 21:26:41.675753');
INSERT INTO "django_migrations" VALUES(17,'auth','0011_update_proxy_permissions','2026-06-15 21:26:41.692213');
INSERT INTO "django_migrations" VALUES(18,'auth','0012_alter_user_first_name_max_length','2026-06-15 21:26:41.704995');
INSERT INTO "django_migrations" VALUES(19,'sessions','0001_initial','2026-06-15 21:26:41.715105');
CREATE TABLE "django_session" ("session_key" varchar(40) NOT NULL PRIMARY KEY, "session_data" text NOT NULL, "expire_date" datetime NOT NULL);
CREATE INDEX "Coreografie_id_corso_2fb5ad1c" ON "Coreografie" ("id_corso");
CREATE INDEX "Coreografie_id_maestra_094f72ec" ON "Coreografie" ("id_maestra");
CREATE INDEX "Coreografie_id_saggio_0a184e74" ON "Coreografie" ("id_saggio");
CREATE INDEX "Allieve_id_corso_c95e03e8" ON "Allieve" ("id_corso");
CREATE INDEX "Assegnazione_Costumi_id_allieva_993d5029" ON "Assegnazione_Costumi" ("id_allieva");
CREATE INDEX "Assegnazione_Costumi_id_coreografia_7154e4a4" ON "Assegnazione_Costumi" ("id_coreografia");
CREATE INDEX "Assegnazione_Costumi_id_costume_b609fbcb" ON "Assegnazione_Costumi" ("id_costume");
CREATE INDEX "Lezioni_id_corso_c8a87398" ON "Lezioni" ("id_corso");
CREATE INDEX "Lezioni_id_maestra_a0f95d4a" ON "Lezioni" ("id_maestra");
CREATE INDEX "Corsi_id_maestra_2f3c8a1c" ON "Corsi" ("id_maestra");
CREATE INDEX "Pagamenti_Allieve_id_allieva_d01d30da" ON "Pagamenti_Allieve" ("id_allieva");
CREATE INDEX "Pagamenti_Maestre_id_maestra_cecdc4da" ON "Pagamenti_Maestre" ("id_maestra");
CREATE UNIQUE INDEX "Iscrizione_Competizione_id_allieva_id_concorso_46f21974_uniq" ON "Iscrizione_Competizione" ("id_allieva", "id_concorso");
CREATE INDEX "Iscrizione_Competizione_id_allieva_8cd2dc66" ON "Iscrizione_Competizione" ("id_allieva");
CREATE INDEX "Iscrizione_Competizione_id_concorso_ac0abd74" ON "Iscrizione_Competizione" ("id_concorso");
CREATE UNIQUE INDEX "auth_group_permissions_group_id_permission_id_0cd325b0_uniq" ON "auth_group_permissions" ("group_id", "permission_id");
CREATE INDEX "auth_group_permissions_group_id_b120cbf9" ON "auth_group_permissions" ("group_id");
CREATE INDEX "auth_group_permissions_permission_id_84c5c92e" ON "auth_group_permissions" ("permission_id");
CREATE UNIQUE INDEX "auth_user_groups_user_id_group_id_94350c0c_uniq" ON "auth_user_groups" ("user_id", "group_id");
CREATE INDEX "auth_user_groups_user_id_6a12ed8b" ON "auth_user_groups" ("user_id");
CREATE INDEX "auth_user_groups_group_id_97559544" ON "auth_user_groups" ("group_id");
CREATE UNIQUE INDEX "auth_user_user_permissions_user_id_permission_id_14a6b632_uniq" ON "auth_user_user_permissions" ("user_id", "permission_id");
CREATE INDEX "auth_user_user_permissions_user_id_a95ead1b" ON "auth_user_user_permissions" ("user_id");
CREATE INDEX "auth_user_user_permissions_permission_id_1fbb5f2c" ON "auth_user_user_permissions" ("permission_id");
CREATE INDEX "django_admin_log_content_type_id_c4bce8eb" ON "django_admin_log" ("content_type_id");
CREATE INDEX "django_admin_log_user_id_c564eba6" ON "django_admin_log" ("user_id");
CREATE UNIQUE INDEX "django_content_type_app_label_model_76bd3d3b_uniq" ON "django_content_type" ("app_label", "model");
CREATE UNIQUE INDEX "auth_permission_content_type_id_codename_01ab375a_uniq" ON "auth_permission" ("content_type_id", "codename");
CREATE INDEX "auth_permission_content_type_id_2f476e4b" ON "auth_permission" ("content_type_id");
CREATE INDEX "django_session_expire_date_a5c62663" ON "django_session" ("expire_date");
DELETE FROM "sqlite_sequence";
INSERT INTO "sqlite_sequence" VALUES('django_migrations',19);
INSERT INTO "sqlite_sequence" VALUES('django_admin_log',0);
INSERT INTO "sqlite_sequence" VALUES('django_content_type',18);
INSERT INTO "sqlite_sequence" VALUES('auth_permission',72);
INSERT INTO "sqlite_sequence" VALUES('auth_group',0);
INSERT INTO "sqlite_sequence" VALUES('auth_user',0);
INSERT INTO "sqlite_sequence" VALUES('Maestre',4);
INSERT INTO "sqlite_sequence" VALUES('Corsi',5);
INSERT INTO "sqlite_sequence" VALUES('Allieve',5);
INSERT INTO "sqlite_sequence" VALUES('Lezioni',6);
INSERT INTO "sqlite_sequence" VALUES('Pagamenti_Allieve',5);
INSERT INTO "sqlite_sequence" VALUES('Pagamenti_Maestre',3);
INSERT INTO "sqlite_sequence" VALUES('Saggi',1);
INSERT INTO "sqlite_sequence" VALUES('Coreografie',4);
INSERT INTO "sqlite_sequence" VALUES('Costumi',3);
INSERT INTO "sqlite_sequence" VALUES('Assegnazione_Costumi',3);
COMMIT;